{
    "song": [
    {
        "time": 0.0,
        "lyric": "that bass, 'Bout that bass"
    },{
        "time": 2.5,
        "lyric": "I'm all about that bass, 'Bout that bass,"
    },{
        "time": 5.0,
        "lyric": "no treble"
    },{
        "time": 6.0,
        "lyric": "I'm all about that bass, 'Bout that bass,"
    },{
        "time": 8.5,
        "lyric": "no treble"
    },{
        "time": 10.0,
        "lyric": "I'm all about that bass, 'Bout that bass,"
    },{
        "time": 12.0,
        "lyric": "Hey!"
    },{
        "time": 13.0,
        "lyric": "I'm bringing booty back"
    },{
        "time": 15.0,
        "lyric": "Go ahead and tell them"
    },{
        "time": 17.0,
        "lyric": "skinny bitches that"
    },{
        "time": 19.0,
        "lyric": "No I'm just playing. I know you think you're fat"
    },{
        "time": 22.5,
        "lyric": "But I'm here to tell ya"
    },{
        "time": 24.0,
        "lyric": "Every inch of you is perfect from the bottom to the top"
    },{
        "time": 27.0,
        "lyric": "Yeah my mama she told me don't worr"
    }]
}
